name,religion,type,latitude,longitude,osm_id
Mosque,muslim,place_of_worship,11.4074773,76.7012271,way/33265074
Tipu Masjid,muslim,place_of_worship,11.0078556,76.9544124,way/66292232
Sulaiman Nabi Jumma Masjid,muslim,place_of_worship,8.9745038,77.2526441,way/96175775
Nagore Dargah Shariff,muslim,place_of_worship,10.818266,79.8418884,way/157749336
Periamet Masjid,muslim,place_of_worship,13.0846899,80.2701756,way/165856075
Madhina Masjit,muslim,place_of_worship,12.5212465,78.2121431,way/171321019
Siddique Sarai,muslim,place_of_worship,13.0810562,80.2723897,way/211435531
Nawab Fazeelathunnisa Begum Sahiba Masjid,muslim,place_of_worship,13.0281069,80.2348857,way/214148765
Thousand Lights Mosque,muslim,place_of_worship,13.0550877,80.2551036,way/217662069
The Cutchi Memon Masjid,muslim,place_of_worship,13.1095185,80.2811919,way/217875246
Makkah Mosque,muslim,place_of_worship,13.0664952,80.2676081,way/240919361
Kurasani Peer Masjid,muslim,place_of_worship,12.9988781,80.2564883,way/252715122
Vadasery Mosque,muslim,place_of_worship,8.1924215,77.4305127,way/253175783
Peer Mohammed Appa Dargha,muslim,place_of_worship,8.2470484,77.3159862,way/256025617
Mosque,muslim,place_of_worship,11.7470987,79.7646147,way/257924444
Nawab Sadatullah Khan's Jumma Masjid,muslim,place_of_worship,13.0202208,80.2186739,way/282483268
Vathiya Palli,muslim,place_of_worship,11.5017372,79.76034,way/305536216
Appa Palli,muslim,place_of_worship,11.5001254,79.7577817,way/305539831
Masjid Nooriya,muslim,place_of_worship,13.1133088,80.2164661,way/354310915
Mosque,muslim,place_of_worship,11.0757812,79.7004917,way/354482999
Jamia Masjid (Shafi'i),muslim,place_of_worship,13.0391356,80.2312572,way/354541898
Masjid Osmaina,muslim,place_of_worship,13.0759084,80.2696803,way/354773285
Masjid-un Noor,muslim,place_of_worship,13.1159143,80.1541129,way/354823923
Dastageer Sahib Jamia Masjid,muslim,place_of_worship,13.0256661,80.2272088,way/355079723
Masjid Al Vilaya,muslim,place_of_worship,12.9496277,80.2323945,way/355086428
Governers Bodyguard Mosque,muslim,place_of_worship,13.0737768,80.2753893,node/355549777
Periya Palli,muslim,place_of_worship,10.7051139,79.5228896,way/361885513
Juma Masjid,muslim,place_of_worship,13.0090194,80.1958651,node/370495399
Mosque,muslim,place_of_worship,11.4118798,76.6854946,node/371433368
Tranquebar Mosque,muslim,place_of_worship,11.0286855,79.8527355,way/378559746
Mosque,muslim,place_of_worship,13.0500445,80.0989659,node/384727116
Umar-bin-Khattab Masjid,muslim,place_of_worship,10.7713145,79.7658666,way/385516179
Old Masjid,muslim,place_of_worship,10.7714866,79.7660322,way/385516180
TNHB MOSQUE,muslim,place_of_worship,13.1253412,79.9673887,way/385702656
Double Road Masjid,muslim,place_of_worship,12.9390576,79.1653341,way/399639549
thowheed markash(தொவ்ஹீத் மர்கஸ்),muslim,place_of_worship,11.2994468,79.5509104,way/422827998
Noorul Mubarak MAsjid,muslim,place_of_worship,11.2992068,79.5588187,way/422830990
Main Road Masjid,muslim,place_of_worship,11.3014321,79.5515378,way/422833718
Mubarak Masjid,muslim,place_of_worship,11.2990531,79.5549993,way/422834256
Beach Street Mosque,muslim,place_of_worship,10.3343756,79.3842738,way/425908823
Eid Prayer Ground,muslim,place_of_worship,11.3029692,79.552639,way/427772272
Jamiya Masjid,muslim,place_of_worship,11.3048673,79.554919,way/427795858
Mosque,muslim,place_of_worship,10.2308292,77.4724054,way/448806753
Mosque,muslim,place_of_worship,11.0068468,76.9392843,way/469398126
Azad Nagar Mosque,muslim,place_of_worship,13.0682858,80.2177595,node/472593951
Hazrath Yaarab Dargah,muslim,place_of_worship,12.5276485,77.7872864,way/478371628
Vadakku Mangudi Mosque,muslim,place_of_worship,10.8863814,79.2254901,way/541305743
Masjid,muslim,place_of_worship,9.5153552,78.094459,way/543513732
Thittuvilai Jumua Masjid,muslim,place_of_worship,8.2734665,77.4404572,way/547060837
Railady Mosque,muslim,place_of_worship,10.8962458,79.2058223,way/549681298
Maqdoom Mosque,muslim,place_of_worship,10.3444437,79.384005,way/609767904
Mohaideen Jumma Mosque,muslim,place_of_worship,10.3371831,79.3851138,way/609984392
Miskkin Mosque,muslim,place_of_worship,10.3387006,79.3818599,way/609984393
Al Ameen Mosque,muslim,place_of_worship,10.339626,79.384818,way/609984394
New Mosque,muslim,place_of_worship,10.3409943,79.3833064,way/609984396
Rahmania Mosque,muslim,place_of_worship,10.3421158,79.3812353,way/609984398
Masjid Aqsa,muslim,place_of_worship,10.342106,79.3785576,way/609984399
Sithick Mosque,muslim,place_of_worship,10.3443711,79.3760235,way/609984401
Muhaideen Jumma Mosque,muslim,place_of_worship,10.3447068,79.3809993,way/609984405
Chekkadi Mosque,muslim,place_of_worship,10.3440437,79.3795572,way/609984408
MKN Arabic College,muslim,place_of_worship,10.3355959,79.3777178,way/610224952
Kadir Mohideen Mosque,muslim,place_of_worship,10.3358988,79.3813383,way/610224953
Thaqwa Mosque,muslim,place_of_worship,10.3402394,79.3800911,way/610224955
Haneef Mosque,muslim,place_of_worship,10.3458703,79.3778284,way/610229606
Big Jumma Mosque,muslim,place_of_worship,10.340205,79.376931,way/611817768
ALM Mosque,muslim,place_of_worship,10.3456757,79.3743421,way/611833876
Ijabha Mosque,muslim,place_of_worship,10.3472885,79.3792045,way/611836628
Kattuppalli Dhargah,muslim,place_of_worship,10.3392347,79.3770053,way/611838915
New Mosque,muslim,place_of_worship,10.3410469,79.3834278,way/631169865
Thaqwa Mosque,muslim,place_of_worship,10.3402738,79.3804311,way/631805596
Majid-ul-Bakki,muslim,place_of_worship,11.1245802,77.3297068,way/663500703
General Bazaar & Pensioner's Street Mosque,muslim,place_of_worship,10.8139086,78.6827723,way/664376183
Ladies Niswan Masjid,muslim,place_of_worship,10.8136407,78.6827362,way/664378331
Thablik Masjid Jannathul Bakki,muslim,place_of_worship,11.004826,77.5604864,way/664436349
Jamal Mohamed College Mosque,muslim,place_of_worship,10.7844858,78.6921593,way/664480059
Markaz Masjid,muslim,place_of_worship,10.780923,78.6916315,way/664482251
Jailaniya Mosque,muslim,place_of_worship,10.7881421,78.6986096,way/665343498
Noor Mosque,muslim,place_of_worship,10.7898776,78.6930095,way/665343880
Ahle Sunnath Val Jamath Dhakni Jamiya Masjid,muslim,place_of_worship,11.0041736,77.5615883,way/687931192
S M Highway Masjid-e-rehmania mosque,muslim,place_of_worship,11.7108422,78.9489306,way/689505089
Masjid-e-Mohammadia,muslim,place_of_worship,13.0361447,80.1568518,way/689507614
Prayer Hall,muslim,place_of_worship,10.7866878,78.6951057,way/690852244
Masjid e Noor Dhakkni Sunnath Jamath,muslim,place_of_worship,11.1328401,77.0326064,way/697141357
Gummathu Palli,muslim,place_of_worship,11.4974126,79.7580097,way/699631259
Masjid Jannathul Firdouse,muslim,place_of_worship,11.0658917,76.9978392,way/746356220
Ramzan thaikkal majid,muslim,place_of_worship,11.2900808,79.5515109,way/766756844
Jamiah Masjid - Mettu Street,muslim,place_of_worship,11.7156254,79.1771231,way/768263427
Noor Masjid,muslim,place_of_worship,10.2639683,77.5382655,way/793420577
Jummah,muslim,place_of_worship,8.1995719,77.3025436,way/810562996
melapallivasal,muslim,place_of_worship,9.6259861,78.6230399,way/813364732
1000 Pillar Mosque,muslim,place_of_worship,8.5670618,78.1262848,way/921745586
Kazimar Big Mosque,muslim,place_of_worship,9.9127477,78.114257,way/949998929
sholavandhan mosque,muslim,place_of_worship,10.0188534,77.9632616,way/972152291
Mosque,muslim,place_of_worship,11.0282367,77.0015752,node/1037991897
Big Jamia Masjid,muslim,place_of_worship,13.4162185,80.3176166,way/1065857134
Masjidul Akbar,muslim,place_of_worship,12.8847522,80.2087797,way/1066918402
Ervadi Jumah Masjid,muslim,place_of_worship,9.2078082,78.7097675,way/1075190745
Mufaddal Park Bohra Masjid,muslim,place_of_worship,13.1060414,80.295558,way/1075921796
Dargah,muslim,place_of_worship,12.9665694,80.1676856,way/1080342525
Triplicane Big Wallajah Mosque,muslim,place_of_worship,13.0637034,80.2727866,way/1080595427
Triplican Lebbai Mosque,muslim,place_of_worship,13.0555428,80.2717821,way/1080608334
Masjid Abdul Hai,muslim,place_of_worship,11.9980165,79.513466,way/1081287536
Madeena Masjid,muslim,place_of_worship,10.6491842,77.0108137,way/1082462595
Saifee Mosque,muslim,place_of_worship,13.0914919,80.2901586,way/1089789122
Madarsa Dawathul Huda,muslim,place_of_worship,13.1123586,80.2776651,way/1090950122
Mamoor Mosque,muslim,place_of_worship,13.0944959,80.2901203,way/1105242342
Maqdoomi Mosque,muslim,place_of_worship,13.0963578,80.2872055,way/1105431437
Ayesha Mosque,muslim,place_of_worship,13.0253961,80.2409149,way/1112827444
Masjid Allah,muslim,place_of_worship,13.0037431,80.2727477,way/1133478701
Ashraf Mosque,muslim,place_of_worship,13.097359,80.2907768,way/1147259960
Edgah Mosque,muslim,place_of_worship,13.1007486,80.2918803,way/1147296651
George Town Mosque,muslim,place_of_worship,13.1020605,80.2881402,way/1147474037
Memon Mosque,muslim,place_of_worship,13.0904038,80.2841037,way/1156852233
Godown Street Mosque,muslim,place_of_worship,13.090407,80.2821751,way/1159120027
Sulur Mosque,muslim,place_of_worship,11.0290321,77.1224254,way/1164859960
Khalb Ali Baig Masjid,muslim,place_of_worship,12.9251219,79.3341795,way/1165950530
East Madurai Mosque,muslim,place_of_worship,9.9103437,78.1339401,way/1166123989
Masjid AL Bilal SS Colony Mosque,muslim,place_of_worship,9.9203324,78.0969483,way/1169392092
Mohammed Mosque,muslim,place_of_worship,13.087171,79.7461914,way/1172338081
E Islah Sazan Mosque,muslim,place_of_worship,13.1039635,80.2845461,way/1180441109
Mualla Mosque,muslim,place_of_worship,13.096624,80.2849778,way/1180915618
AL-Masjidul bilall mosque,muslim,place_of_worship,8.7931863,78.1310869,way/1223026202
Dargah,muslim,place_of_worship,10.8308906,78.6671288,way/1230900563
Mohamed Nainar Pallivasal,muslim,place_of_worship,8.7248225,77.6599762,way/1232435998
Masjid Mahmood,muslim,place_of_worship,13.0527537,80.2277366,way/1267047963
Masjid Mosque,muslim,place_of_worship,10.7632559,79.1676993,way/1312149909
Haji Appa Palli,muslim,place_of_worship,8.5642363,78.1230869,way/1313939219
Arampalli,muslim,place_of_worship,8.5639169,78.1246856,way/1313939220
Al-Jamiul azhar,muslim,place_of_worship,8.5632506,78.1251651,way/1313939221
Kadai palli,muslim,place_of_worship,8.5631811,78.125963,way/1313939222
Kuruvithurai palli,muslim,place_of_worship,8.5632253,78.1283689,way/1313939223
Majilisul Bukhari shareef,muslim,place_of_worship,8.5633042,78.1294661,way/1313939224
Maraikar palli,muslim,place_of_worship,8.5597673,78.1271149,way/1313939225
Appa palli,muslim,place_of_worship,8.5595118,78.125661,way/1313939226
Thayam palli,muslim,place_of_worship,8.5604402,78.1236607,way/1313939227
Hafil Amir Palli,muslim,place_of_worship,8.5580987,78.121269,way/1313939228
KMT Palli,muslim,place_of_worship,8.5564599,78.1221938,way/1313939229
Shaik Hussain Palli,muslim,place_of_worship,8.5640988,78.1203395,way/1313939230
Puthupalli,muslim,place_of_worship,8.5661134,78.1212419,way/1313939231
Sahib appa thaika,muslim,place_of_worship,8.5669618,78.1219886,way/1313939232
Kaatu thaika aroosiya palli,muslim,place_of_worship,8.5682337,78.12262,way/1313939233
Maghudoom jummah masjid,muslim,place_of_worship,8.565711,78.1235894,way/1313939234
Kadiriya Kodimara Sirnainaar Palli,muslim,place_of_worship,8.5651753,78.1250167,way/1313939235
Zaviathul Fasiathush Shathulia palli,muslim,place_of_worship,8.5648646,78.1255632,way/1313939236
Shirupalli jummah masjid,muslim,place_of_worship,8.5659862,78.1265983,way/1313939237
Masjid - Mikaeel (Irattai Kulathu) Palli,muslim,place_of_worship,8.5693966,78.1266302,way/1313939238
Karupudayar Masjid,muslim,place_of_worship,8.5688089,78.1299992,way/1313939239
Masjid - Seyyidina Bilal Palli,muslim,place_of_worship,8.5719704,78.1289498,way/1313939240
Masjid - Koman Mottaiyar Palli,muslim,place_of_worship,8.576095,78.1275651,way/1313939241
Hazarath Nasar Aulia Dargah,muslim,place_of_worship,12.9184543,79.3351139,way/1331552570
Arasanagaripattinam Seyed Umar katha dargah,muslim,place_of_worship,9.8880003,79.1222795,way/1347532904
Arasai Jumma Masjid,muslim,place_of_worship,9.890755,79.1239091,way/1347533438
Jumma Masjid,muslim,place_of_worship,13.0202517,80.2012952,node/1359319087
V.A. Jassim Hussain Masjid,muslim,place_of_worship,10.7483511,79.507964,way/1365438167
Masjid Al Ansar Markaz Mosque,muslim,place_of_worship,9.916076,78.1033073,way/1445808439
Naina Muhammad Periya Kuthba Pallivasal (Jumma Masjid),muslim,place_of_worship,9.0802792,77.3474009,way/1445948228
Ayyapuram Naina Muhammad  Jumma Palli,muslim,place_of_worship,9.0817959,77.3469112,way/1445948230
Masjid e Noor,muslim,place_of_worship,12.9753235,80.2586208,node/1453559831
Masjidul Surur,muslim,place_of_worship,11.5852705,76.2605779,way/1456047025
Chinna Palli Vasal,muslim,place_of_worship,11.3079459,76.9327265,node/1470803944
Kattor Masjid,muslim,place_of_worship,11.3008195,76.9317812,node/1470819716
Muhydden Jaamia Masjid,muslim,place_of_worship,10.7740193,79.8417111,way/1473640195
Masjid-e-noor Jumma,muslim,place_of_worship,12.6226547,80.1943482,way/1474410422
Mosque,muslim,place_of_worship,10.9931646,76.9584667,node/1474518442
Natham Oor Pallivasal,muslim,place_of_worship,9.4464197,78.4442744,way/1486397690
Kinamathu Islam (Thidal) Pallivasal,muslim,place_of_worship,9.4474344,78.4473537,way/1486397691
Melapali,muslim,place_of_worship,10.7394773,79.5047506,way/1492152301
Ghulam Hussain Mosque,muslim,place_of_worship,13.0698824,80.2711815,way/1552534774
Masjid,muslim,place_of_worship,12.9629528,80.2435484,node/2127109322
Jumah Mosque,muslim,place_of_worship,12.9491408,80.2388599,node/2127112780
Masjidur Rahman,muslim,place_of_worship,12.9012988,80.2256867,node/2127119723
Masjid-El-Bilhhal,muslim,place_of_worship,11.3417609,76.8000038,node/2153183696
Chinna Pallivasal,muslim,place_of_worship,12.2521494,79.4129494,node/2510269157
Melappalli Mosque,muslim,place_of_worship,10.7089173,79.5181096,node/2535183853
Fathimiya Masjid,muslim,place_of_worship,10.7130893,79.5147241,node/2536021970
Chinnappalli Mosque,muslim,place_of_worship,10.7058982,79.5207571,node/2536059048
Rashidiya Mosque,muslim,place_of_worship,10.7084479,79.5232271,node/2536061901
Thaikkal Masjid,muslim,place_of_worship,10.7134632,79.5159934,node/2536079417
Malekondazhi Noor Palli,muslim,place_of_worship,10.708417,79.5168859,node/2547069830
Rahimiya Mosque,muslim,place_of_worship,10.720022,79.5135215,node/2550851082
Peruvilai Mosque,muslim,place_of_worship,8.1863324,77.3981834,node/2594120322
Mosque,muslim,place_of_worship,13.2821734,80.2606973,node/2607462944
Periya Palli Vasal,muslim,place_of_worship,12.249567,79.4128236,node/2660612040
Sakina Mosque,muslim,place_of_worship,12.244454,79.4107058,node/2660660167
Masjidul Huda,muslim,place_of_worship,10.7152073,79.5221751,node/2779599008
Masjid e Khadariya,muslim,place_of_worship,11.1029355,79.6506651,node/2804608332
Village Road Mosque,muslim,place_of_worship,13.0608729,80.2429026,node/3053552705
Meerapalli Mosque,muslim,place_of_worship,11.4941534,79.7595026,node/3103230730
Mohideen Masjid,muslim,place_of_worship,10.3954836,79.492617,node/3110448199
JAMIA MASJID,muslim,place_of_worship,10.3954124,79.4948915,node/3110448772
KUTTIYAR JUMMA MASJID,muslim,place_of_worship,10.3935439,79.4932649,node/3110451881
Shafiya Hayathul Islam Sunnath Jamath Masjith,muslim,place_of_worship,10.9722701,76.9714462,node/3127128477
Ghouse Palli,muslim,place_of_worship,11.4951225,79.7567325,node/3158504458
Marqus,muslim,place_of_worship,11.4944208,79.7614898,node/3199088202
Mosque,muslim,place_of_worship,12.9726373,79.2943788,node/3480954382
Tipu Sultan Mosque,muslim,place_of_worship,11.2234287,78.1627499,node/3513027966
Unnamed mosque,muslim,place_of_worship,10.7338315,79.5086382,node/3541175220
Daruga,muslim,place_of_worship,10.7338159,79.5082517,node/3541175221
pudupattinam mosque,muslim,place_of_worship,12.502935,80.1520105,node/3616510668
Jamia Masjid,muslim,place_of_worship,12.9688014,80.146697,node/3849313763
Green Mosque,muslim,place_of_worship,12.9711538,80.1503475,node/3849316460
Double Road Masjid,muslim,place_of_worship,12.9390711,79.1653347,node/4023814675
5 Corner Mosque,muslim,place_of_worship,10.9953065,76.9609226,node/4235065498
Mosque - Kerala Muslim Jamaat,muslim,place_of_worship,10.9905053,76.9619466,node/4235065590
mohaiyadeen aandavar pallivasal,muslim,place_of_worship,10.7831943,79.6448013,node/4292831230
Sholayar Muslim Janath Mosque and Arabic School,muslim,place_of_worship,10.296099,76.9461398,node/4293168389
Masjid,muslim,place_of_worship,10.7183521,79.0598595,node/4543308533
Masjid Mosque,muslim,place_of_worship,13.0900355,79.6600433,node/4748988036
Arakkonam Jamia Masjid,muslim,place_of_worship,13.0844728,79.6682353,node/4748988044
Vallal Yusuf nagar mosque,muslim,place_of_worship,12.9260751,80.1485193,node/5033636170
Dhargua,muslim,place_of_worship,11.049795,76.9749552,node/5175693682
Railady Mosque,muslim,place_of_worship,10.8962544,79.2058142,node/5181984674
Manakkaadu Mosque,muslim,place_of_worship,10.8967584,79.19764,node/5182964437
Vaaniya Street mosque,muslim,place_of_worship,10.8971796,79.195919,node/5182964439
Jaamiya Masjid,muslim,place_of_worship,10.8993472,79.1967049,node/5182990863
Pattabiram Mosque,muslim,place_of_worship,13.120541,80.0644339,node/5227837224
Masjid,muslim,place_of_worship,11.7634493,79.7642959,node/5228033079
Anjuman Mosque,muslim,place_of_worship,10.8966672,79.2003184,node/5230813631
East Street Mosque,muslim,place_of_worship,10.9001664,79.199204,node/5232461386
Nanna Munna Mosque,muslim,place_of_worship,10.8117547,78.6966946,node/5234610591
Hajath Saiyad Mosque,muslim,place_of_worship,10.8179751,78.6920513,node/5234626722
high road mosque,muslim,place_of_worship,10.817432,78.683452,node/5234663138
Maelapettai Mosque,muslim,place_of_worship,10.8967103,79.1926727,node/5234799043
Masjid-un-noor,muslim,place_of_worship,11.9387023,79.4993661,node/5234891429
Modern Mosque,muslim,place_of_worship,10.8989033,79.2025237,node/5235003561
Dharga,muslim,place_of_worship,13.0298658,80.2228102,node/5631888615
Masjid E,muslim,place_of_worship,11.9220113,79.5597155,node/5692241656
Masjid Noor,muslim,place_of_worship,10.3467892,79.3815799,node/5770543974
Jamia Masjid and Islamic Center,muslim,place_of_worship,8.9332022,77.2679537,node/5809646653
Chinna pallivasal,muslim,place_of_worship,9.5890531,77.9547395,node/5893818097
TNTJ Mosque,muslim,place_of_worship,10.3353225,79.3779521,node/5893838798
Salahiyah Mosque,muslim,place_of_worship,10.3360337,79.3781877,node/5893838822
Abubacker Siddiq (RA) Mosque,muslim,place_of_worship,10.339713,79.3738697,node/5917013722
Al-Bakiyathus Salihat Masjid,muslim,place_of_worship,10.3417108,79.374218,node/5917013724
Madina Mosque,muslim,place_of_worship,13.0911404,80.2275435,node/6117607937
Seramalliyar Jumma Mosque,muslim,place_of_worship,8.1938121,77.7508673,node/6130138733
Athangarai Pallivasal,muslim,place_of_worship,8.2621575,77.8003759,node/6130600359
Masjid,muslim,place_of_worship,8.319664,77.8264337,node/6130960090
Masjidun Noor Sunnath Jamaath Mosque,muslim,place_of_worship,10.6500992,76.9848797,node/6132086055
Hazrat Chan Masthan Mosque,muslim,place_of_worship,10.8214792,78.6929659,node/6205407486
Aayisha Masjid,muslim,place_of_worship,11.0101874,77.5555846,node/6205449946
Masjid d Qudusia,muslim,place_of_worship,13.0645638,80.2782359,node/6274254485
Ayisha Jummah Masjid,muslim,place_of_worship,12.3985655,79.80803,node/6478044783
Kattuthalaivasal Mosque,muslim,place_of_worship,10.0733281,78.7700257,node/6863981366
Jamia Masjid,muslim,place_of_worship,10.2364098,77.4957214,node/7299796913
Dana palli vasal,muslim,place_of_worship,8.7184547,77.3751562,node/7526669048
melapallivasal,muslim,place_of_worship,9.626059,78.6230417,node/7597632853
INPT mosque,muslim,place_of_worship,9.6283393,78.6272202,node/7603213866
Mohideen pura Masjid,muslim,place_of_worship,12.7846033,78.716911,node/7723614620
Usman pet Masjid,muslim,place_of_worship,12.9165592,79.2787524,node/7792287786
Saleem Nagar Masjid,muslim,place_of_worship,12.9131397,79.2848943,node/7792287985
Madharasthur Rahman,muslim,place_of_worship,8.6059039,77.9463616,node/7804675087
IMJ MOSQUE,muslim,place_of_worship,8.6041772,77.9468237,node/7804700921
Masjid-E-Hameediya,muslim,place_of_worship,13.0234762,80.2124583,node/8095529620
Masjid -E- Taqwa,muslim,place_of_worship,13.0292567,80.2116943,node/8095530253
NITT Mosque,muslim,place_of_worship,10.7653482,78.8184765,node/8463403139
Coonoor Chinna Palivasal(Masjid),muslim,place_of_worship,11.3454378,76.7955531,node/8765090628
Big Masjid,muslim,place_of_worship,11.3468666,76.7944244,node/8765179960
Wellington Masjid,muslim,place_of_worship,11.3554326,76.7843723,node/8766960531
Masjid,muslim,place_of_worship,11.34322,76.793101,node/8770992392
Uppoorani Masjid,muslim,place_of_worship,9.4429975,78.4421276,node/8829015791
Abiramam Periya Pallivasal,muslim,place_of_worship,9.4416574,78.4390986,node/8829022104
Sholavandhan Mosque,muslim,place_of_worship,10.0188419,77.9633826,node/8997445292
Begambur durgah,muslim,place_of_worship,10.356891,77.9663553,node/9104697812
MASJID-E-MAHMOOD MOSQUE,muslim,place_of_worship,11.2744212,79.546422,node/9135034258
Magdoom Gnaniyar Pallivasal,muslim,place_of_worship,8.7276591,77.6642995,node/9194980403
Rahmania Mosque,muslim,place_of_worship,10.4271446,79.6327109,node/9565761837
Athar Jamaath Masjid,muslim,place_of_worship,10.9935623,76.9594291,node/9567217471
Masjid E Haqqani,muslim,place_of_worship,13.0504063,80.2126842,node/9568036513
Aysha Masjid,muslim,place_of_worship,13.0842033,80.2560476,node/9729349117
Mohaideed Durga,muslim,place_of_worship,8.6060628,77.9465045,node/9735549327
Nalla Ibrahim Bava Dargah,muslim,place_of_worship,9.2080545,78.7101857,node/9861131541
Ervadi Dargah,muslim,place_of_worship,9.2084414,78.710024,node/9861131542
Masjidus Salaam Jumma Masjid,muslim,place_of_worship,8.7278318,77.751927,node/9935812017
Jumma Masjid,muslim,place_of_worship,8.7371613,77.6707881,node/9946222682
Kulathu Palli,muslim,place_of_worship,8.7243993,77.6570812,node/9946246298
Sathiram Pallivasal,muslim,place_of_worship,8.7282443,77.7041958,node/9953981192
Al Ameen Masjid,muslim,place_of_worship,10.7536191,79.5036274,node/10116747284
Big Masjid,muslim,place_of_worship,10.7495146,79.5037238,node/10116747285
West Masjid,muslim,place_of_worship,10.7502265,79.5000473,node/10116747286
VKM Habula Masjid,muslim,place_of_worship,10.7568569,79.5010512,node/10116747287
Thawheed Marcus,muslim,place_of_worship,10.7499187,79.5077097,node/10116747288
Kattu Jumma Masjid,muslim,place_of_worship,8.6995329,77.7068085,node/10252330518
Government Quarter Mosque,muslim,place_of_worship,13.02224,80.2312857,node/10574444998
Anakuppam Mosque,muslim,place_of_worship,11.7548345,79.7709801,node/10712382474
Masjid ul mubarak,muslim,place_of_worship,13.015029,80.2088169,node/11158602743
Masjid ul Mubarak,muslim,place_of_worship,13.0150033,80.2088174,node/11158624064
Rahmat Juma Masjid,muslim,place_of_worship,8.6821751,77.4701837,node/11812339188
Masjid E Aqsa / Eidgah Masjid,muslim,place_of_worship,12.4978276,78.5650934,node/12038665887
Kathib Noor Mohammed Mosque,muslim,place_of_worship,11.7742497,79.6721931,node/12052921949
Masjid Al-Aqsa,muslim,place_of_worship,11.7733847,79.6740189,node/12052937865
Ar Rahman Masjid Ahle Hadees,muslim,place_of_worship,11.7747572,79.6735209,node/12053018248
Baidul Ashar Jumma Mosque,muslim,place_of_worship,8.9218773,78.1829293,node/12077101270
Oppilan Pallivasal Mosque,muslim,place_of_worship,9.1434363,78.5046686,node/12077176666
MSEC Boys Mosque,muslim,place_of_worship,9.2407854,78.7605771,node/12077265128
Kaanjirankudi Jumma Mosque,muslim,place_of_worship,9.2531499,78.8120482,node/12077330287
Nurul Hudha Masjid,muslim,place_of_worship,10.767944,79.4174552,node/12139856610
Hussainiya,muslim,place_of_worship,10.771216,79.4132501,node/12139886411
MIET Masjid,muslim,place_of_worship,10.7286445,78.7092001,node/12139886788
Masjidul Huda,muslim,place_of_worship,10.7195512,78.7216797,node/12139893320
Jamia Masjid,muslim,place_of_worship,10.7713092,79.4247995,node/12139896997
SEMPATTU MASJID,muslim,place_of_worship,10.7443298,78.714624,node/12139924685
Unnamed mosque,muslim,place_of_worship,12.5531749,78.1899429,node/12144452133
Pudhupalli masjid,muslim,place_of_worship,8.5661476,78.1212286,node/12161644417
Shaik hussain masjid,muslim,place_of_worship,8.5641027,78.1203296,node/12161644418
Haji appa palli masjid,muslim,place_of_worship,8.5642671,78.1230702,node/12161644419
Arampalli masjid,muslim,place_of_worship,8.5636597,78.1246493,node/12161644420
Kuruni thurai palli masjid,muslim,place_of_worship,8.5632077,78.1283729,node/12161644422
Al-bukhari shareef,muslim,place_of_worship,8.5633092,78.129469,node/12161644423
Maraikar palli masjid,muslim,place_of_worship,8.5597616,78.1271034,node/12161644424
Appa palli masjid,muslim,place_of_worship,8.5595129,78.1256664,node/12161644425
Thayyam palli masjid,muslim,place_of_worship,8.5604331,78.1236669,node/12161644426
Masji hafil ameer palli,muslim,place_of_worship,8.5581011,78.1212666,node/12161644427
Sahib appa thaika,muslim,place_of_worship,8.5669574,78.121964,node/12161644436
Kaatu thaika aroosiya palli masjid,muslim,place_of_worship,8.5682409,78.1226173,node/12161644437
Maghudoom jummah masjid,muslim,place_of_worship,8.5657099,78.1235947,node/12161644442
Zaviathul Fasiathush Shathulia palli,muslim,place_of_worship,8.5648742,78.1255551,node/12161644452
Shirupalli jummah masjid,muslim,place_of_worship,8.5659957,78.126578,node/12161644457
Masjid - Mikaeel (Irattai Kulathu) Palli,muslim,place_of_worship,8.5693966,78.1266199,node/12161644462
Karupudayar Masjid,muslim,place_of_worship,8.5688137,78.1299926,node/12161644467
Masjid - Seyyidina Bilal Palli,muslim,place_of_worship,8.5719788,78.1289413,node/12161644472
KMT Palli,muslim,place_of_worship,8.5564608,78.1221922,node/12161644473
Masjid - Koman Mottaiyar Palli,muslim,place_of_worship,8.576096,78.1275632,node/12161644478
"Navalpur Jamiya Masjid, Ranipet",muslim,place_of_worship,12.9355028,79.3328211,node/12291633454
Masjidul Quba,muslim,place_of_worship,11.4933612,78.0315823,node/12347240592
Muslim -Kodamandapatti Panchayat,muslim,place_of_worship,12.324385,78.4441267,node/12443059966
Masjidhe Mubarak and Madarasa,muslim,place_of_worship,13.1863118,80.3168028,node/12458643749
Sunnah Jamaat Jumuah Masjid,muslim,place_of_worship,12.8437278,79.700488,node/12837188990
Hazarath Syed Shah Hameed Auliya Badusha (rah) Darga Sherieff,muslim,place_of_worship,12.8446652,79.7022536,node/12851113737
Sunnat Jama'ath Juma Masjid,muslim,place_of_worship,12.825286,79.7084898,node/12853522996
Jamia Masjid Puthur,muslim,place_of_worship,11.2880604,79.7164358,node/13026069051
Mamu Sugani Dargah,muslim,place_of_worship,12.8284949,79.7068357,node/13114663575
Masjid Al Aqsa,muslim,place_of_worship,9.0853773,77.3420079,node/13265083036
Masjid Al Ansar Markaz Mosque,muslim,place_of_worship,9.9160401,78.1033022,node/13265397951
Nallur Jumma Masjid,muslim,place_of_worship,9.0877111,77.3382664,node/13265806663
Madina nagar pallivasal,muslim,place_of_worship,9.0816265,77.343923,node/13265816228
Naina Muhammad Periya Kuthba Pallivasal (Jumma Masjid),muslim,place_of_worship,9.0803734,77.3477098,node/13266651777
Ayyapuram Naina Muhammad  Jumma Palli,muslim,place_of_worship,9.081923,77.3469991,node/13266651798
Jumma masjid,muslim,place_of_worship,8.1201267,77.3849258,node/13283528349
TNTJ AL Hidaya Islamic Call and Guidance Center for Men,muslim,place_of_worship,9.7623797,77.9837839,node/13588886451
Vembadi Mosque,muslim,place_of_worship,8.9560011,77.3191286,node/13767308605
Syed Suleiman Pirjade Mosque,muslim,place_of_worship,8.9563628,77.3172846,node/13767308606
Masjidul Huda,muslim,place_of_worship,10.0158463,79.2307149,node/13903271301
Masjidul Ameen,muslim,place_of_worship,10.0175924,79.2313825,node/13903271901
TNTJ - Towheed Markas APM 2,muslim,place_of_worship,10.0123344,79.227795,node/13903323301
TNTJ - Towheed Markas APM 1,muslim,place_of_worship,10.0194078,79.2299256,node/13903324301
Pallivasal,muslim,place_of_worship,10.2690683,77.8324104,node/13942275048
